id,tipo,chegada,duracao
1,comum,0,3
2,prioritario,0,2
3,tecnico,0,4
4,comum,1,2
5,prioritario,1,1
6,tecnico,2,5
7,comum,2,3
8,prioritario,2,2
9,comum,3,4
10,tecnico,3,2
11,prioritario,4,3
12,comum,4,1
13,tecnico,4,4
14,comum,5,2
15,prioritario,5,5
16,tecnico,6,3
17,comum,6,2
18,prioritario,6,1
19,comum,7,4
20,tecnico,7,2
21,prioritario,8,3
22,comum,8,5
23,tecnico,8,1
24,comum,9,2
25,prioritario,9,4
26,tecnico,10,3
27,comum,10,1
28,prioritario,10,2
29,comum,11,3
30,tecnico,11,4
